"望城区",488673,497176,548901,609119,669362,807834,1000156,1177606,1453066,1940876,1933776,2429695.4,3274267,3748847,4274940,4697660
"长沙县",837119,871702,966727,1065309,1254233,1494922,1905737,2300229,2859672,3696030,5148678,6301104.2,7899458,8800904,9759923,11005780
"宁乡县",622218,617170,680472,744514,838684,1022079,1437850,1692895,2072338,2824099,3675754,4895815.42,6379462,7324953,8350486,9102255
"浏阳市",665982,675458,746008,821483,1008792,1209731,1760060,2069440,2527188,3371794,4188016,5567848.11,7021539,8111256,9242905,10128321
"株洲县",227105,241459,250532,273604,300381,356656,369253,421143,450104,569359,634096,771112,690918,796214,895993,1022034
"攸县",425604,462611,443730,485351,530547,631561,748575,846859,1050825,1268689,1384820,1738180,2181394,2515254,2825491,3135888
"茶陵县",184133,199496,217303,238325,255481,305655,400229,456167,494706,615018,673639,821248,1016785,1158528,1294142,1446022
"炎陵县",73558,78762,85678,93571,101326,118033,122550,138689,195281,203876,228316,286599,363000,425054,488253,552611
"醴陵市",514653.3,555548,613290,677933,752491,927352,1099851,1337251,1520598,1881731,2117652,2657467,3381421,3955347,4421034,4883654
"湘潭县",501278,508930,527316,573238,565529,705159,751608,866053,1124906,1351549,1485346,1720884,1957780,2272764,2600064,2940771
"湘乡市",481962,484177,484504,515559,521574,658716,671494,775604,990978,1200816,1351008,1617679,2023865,2317473,2656934,2997745
"韶山市",72994,73838,73005,81461,90902,118075,130726,153065,191991,235571,255857,307850,394392,495681,575618,647395
"衡阳县",417684,448941,473363,529287,565939,686810,756857,848369,1001248,1166481.5,1289238,1549301.15,1880394,2149505,2389523,2632969
"衡南县",471521,515654,493460,523070,576825,704021,775700,870061,996950,1171784.4,1267443,1539365.97,1848072,2101936,2298631,2525432
"衡山县",183926,188897,193199,209331,230772,279977,297702,333898,386674,473303.3,576811,689315.68,849947,971888,1073098,1190135
"衡东县",319051,294364,302695,314946,361582,444753,498480,572995,718180,861895.6,1024530,1239865.62,1517198,1740885,1932369,2134301
"祁东县",404414,437819,430521,469471,511780,631490,681993,768156,976669,1161299.5,1167787,1304546,1583251,1771812,1965211,2182950
"耒阳市",515910,558321,514017,531632,584173,769897,1004110,1147939,1323889,1614406.5,1949818,2400820.63,2928814,3021344,3214008,3558540
"常宁市",375384,406928,385588,409597,476910,585673,622239,712774,833369,1032328.4,1195361,1431323.65,1752363,1988618,2216755,2448805
"邵东县",681200,750880,711712,744000,774808,910045,713868,810757,892068,1074962,1217606,1611123,2021522,2289787,2542724,2830484
"新邵县",213712,223918,209238,221327,247903,286498,284863,327232,393933,481928,491238,590453,752618,859086,949427,1065136
"邵阳县",239998,209053,187947,208204,219935,256128,302678,343773,400362,492233,532255,652602,810855,903124,994487,1113475
"隆回县",269345,277986,275362,294701,313433,354825,359694,407334,478310,571381,625361,755376,933207,1051084,1121665,1260668
"洞口县",267592,285403,292779,322650,358578,418128,399438,451417,522949,597701,586614,707587,901212,1028583,1133207,1256758
"绥宁县",167723,180108,150914,166328,184519,208420,228449,264445,319392,337541,332033,407093,501845,565806,622655,690487
"新宁县",159978,157656,144901,154117,167391,201832,208249,236332,282325,330797,363635,432672,530747,606463,672063,754080
"城步苗族自治县",58333,62454,65954,77581,88613,104319,136446,147245,159351,182505,159691,186951,232063,256951,272609,301494
"武冈市",233820,253190,229555,240079,260198,310504,328534,372399,427611,525262,530590,619692,793257,904674,954211,1070581
"岳阳县",314141,331804,371951,430878,458974,518162,562973,600028,779065,962528,1105683,1356338,1660654,1897397,2117214,2375640
"华容县",328060,380438,384983,439045,501007,577341,631337,736052,934359,1143484,1340889,1652830,2038826,2165414,2406848,2656114
"湘阴县",302067,336145,387309,451361,504725,568268,630911,714721,894775,1073384,1293730,1587368,1956926,2326467,2602271,2919958
"平江县",303432,284060,314011,386483,399039,465834,516652,596908,736297,891192,976422,1169663,1432382,1644417,1834183,1987672
"汨罗市",298364,320000,361978,429932,468100,535504,545889,646602,850915,1028192,1362656,1649361,2598537,2954848,3289940,3651068
"临湘市",189678,201026,223799,298364,311581,365200,353349,411336,538195,708123,960060,1155185,1408843,1596772,1790214,1977417
"安乡县",217187,237905,260693,289118,330340,382493,476050,532601,626033,699606,836631,1015612,1201823,1248220,1283177,1351107
"汉寿县",293190,312250,326520,355059,354536,440645,505415,578267,664125,834017,984098,1165110,1396724,1578790,1807631,2008810
"澧县",365140,394871,442117,492967,557874,652208,652693,738100,870160,1008902,1264763,1502799,1811741,2032238,2262009,2525276
"临澧县",237070,238406,250925,291787,309077,347010,389381,433430,503158,554907,662559,783463,929213,1035455,1162603,1279136
"桃源县",562502,594032,582317,547098,573320,702386,712914,798212,935908,1093673,1266330,1495127,1757898,1960257,2214848,2507804
"石门县",266239,280170,312701,346127,386150,476966,554252,619619,693250,766746,1031954,1222254,1464056,1629301,1805644,1938447
"津市市",113743,120161,139075,160632,180745,214434,264634,298424,356022,424904,525528,637243,777446,870687,969690,1067431
"慈利县",185357,200298,198736,206322,231868,263727,350960,400546,489532,555806,667924,804282,1010972,1137805,1239487,1380589
"桑植县",67895,74155,78155,84876,93683,110319,174919,204417,247876,286784,329043,395327,485617,561545,605568,679164
"南县",229807,222650,237634,252262,282665,375504,386333,427162,516250,620338,885144,878616,1367731,1556802,1723792,1922747
"桃江县",200056,217210,214285,237161,263406,324957,416763,480416,600553,751288,893102,1065293,1311938,1516209,1684096,1880764
"安化县",265019,288132,216851,234485,260956,327361,385125,440687,535554,633287,750570,885044,1117235,1322533,1464844,1628404
"沅江市",319531,338836,331287,361874,403305,499855,573214,654909,798473,959635,994019,1231887,1527911,1760340,1951252,2176509
"桂阳县",325924,358932,383942,400349,441863,534128,639425,756850,927802,1071430,1230015,1583783,2000242,2302318,2564619,2897962
"宜章县",223808,247224,236169,275716,306130,386722,471742,547684,541101,648416,534129,682347,921012,1045521,1471860,1666622
"永兴县",272602,300328,296873,316525,362060,448296,539727,630371,805122,974702,1095805,1518089,1888204,2138179,2377025,2668239
"嘉禾县",156356,169892,168062,192915,210119,249585,299627,346927,411645,485843,539243,679210,850054,960819,1069380,1184550
"临武县",129854,144273,157689,181640,218750,273454,342543,355890,419571,402487,462179,588575,723479,819107,903898,1002902
"汝城县",121228,137071,143843,134510,167485,216608,285048,318563,300390,224454,204728,262807,333055,375595,419286,468475
"桂东县",39696,42850,46116,51387,55546,67532,77387,89264,96309,108698,115161,137030,172991,195591,218764,245417
"安仁县",140916,136120,123375,174394,199258,251311,295569,354258,302753,319851,275855,343095,437780,494121,602255,698497
"资兴市",290311,318969,296985,327318,390300,492205,588009,655286,829552,1051324,1197369,1561434,1967476,2226103,2473685,2770768
"祁阳县",384558,402679,356612,403469,466223,553193,636511,728352,878453,1011715,1071985,1285662,1587599,1770528,1965172,2186845
"东安县",269275,294587,280492,294935,323702,377605,384185,439790,543377,626682,698912,836873,1026775,1149536,1271995,1386090
"双牌县",67586,73017,66257,73168,82890,98484,127433,150441,162382,207607,224766,272826,334549,372799,407325,464533
"道县",277592,290503,255453,278284,300957,348884,361494,414623,512890,600968,659592,791643,979556,1103406,1235709,1387282
"江永县",96304,101067,109440,112791,129092,149587,149415,164771,201743,229625,237105,290446,355976,401225,444801,474774
"宁远县",214030,235627,187480,217813,208115,245650,293099,335818,415321,489390,531210,635523,789722,898432,1005338,1092862
"蓝山县",111542,120707,131398,122091,134389,163602,219288,253400,312715,363218,389784,470041,588130,662716,735176,810919
"新田县",101639,106067,109125,107241,111543,130535,171405,192317,235814,271098,296590,340131,423861,477643,529462,575916
"江华瑶族自治县",131559,128861,131845,124472,130784,150446,199021,229153,284039,351604,393999,470294,576450,655587,736431,846989
"中方县",108978,118574,96828,102321,113105,137457,165394,188816,237188,324279,374768,488465,619370,733213,818503,861140
"沅陵县",261010,264034,279168,319340,348620,397364,426733,486972,608254,705137,788953,953636,1192590,1415597,1557832,1639506
"辰溪县",117978,121510,120463,130322,141674,166401,217756,251059,310443,374963,436775,531421,658705,775522,868233,925276
"溆浦县",254182,267073,224639,247431,253705,299541,345905,390895,497756,559430,603953,694821,880320,1031442,1144380,1147816
"会同县",127497,141374,117401,128927,140590,161924,153939,173861,218348,260289,259900,309821,390426,458827,515458,555672
"麻阳苗族自治县",94320,91038,86211,91490,98544,114555,140171,161416,195075,234570,269729,323219,407595,473879,533699,580821
"新晃侗族自治县",90560,90046,79459,76338,82417,91321,100693,121243,152250,191498,191408,251016,318041,378208,423804,454360
"芷江侗族自治县",112923,122859,124539,134948,149885,177665,191778,220459,284174,357028,397962,477491,603196,699248,787781,832155
"靖州苗族侗族自治县",117618,127193,120912,128758,142333,159048,154805,175821,223108,277013,293864,343569,430502,500770,562069,621183
"通道侗族自治县",48211,57254,49096,53243,57654,67761,76969,86807,107250,135767,155055,182118,227625,265325,294974,311837
"洪江市",134583,146864,141053,144368,158561,195138,222820,252537,312834,388578,411131,493846,624955,735553,823873,891988
"双峰县",435457,327491,340482,348059,373229,463152,492338,559655,722014,825155,832713,978463,1264234,1522463,1706893,1842089
"新化县",335083,263175,279240,295071,317497,368122,406032,454399,582252,682925,844810,985134,1238582,1494033,1687072,1870041
"冷水江市",296660,290157,313705,329432,387317,483731,642278,785484,956621,1179819,1250323,1489442,1826143,2124334,2364075,2535852
"涟源市",347178,323522,282408,301273,335600,417060,595019,710855,876146,1056428,1054658,1238718,1557045,1834020,2068079,2231332
"吉首市",160346.9,174491,191348,197598,210694,250421,343566,392301,475818,543826,621077,713216,863304,961465,1041179,1108189
"泸溪县",55285,57881,62602,68459,77610,92641,99790,121000,169331,217850,304264,371334,476907,487832,474720,525679
"凤凰县",72408,76233,83520,86374,98637,120818,130723,149778,193988,228738,298109,343614,416092,468116,541401,613612
"花垣县",54370,59598,66412,62544,73357,105294,172848,271101,374848,454570,475715,482955,544942,590588,582814,599590
"保靖县",50042,55750,62410,68594,78078,97380,123681,151268,200469,241732,304422,331105,373400,408791,359408,398382
"古丈县",24028,26139,28584,30016,33040,39081,49523,55132,65395,81999,92143,107002,128996,149041,172286,197895
"永顺县",84858,87711,94518,100879,110271,131023,145612,161766,197073,237696,269156,308755,372786,414209,466405,511064
"龙山县",114778,121223,128750,139461,144691,149132,167500,185459,229831,284280,324821,377382,437230,493358,551216,615634
"阳新县",225833.931575895,421000,471800,509100,552300,548400,621500,687500,757100,964700,971500,1107100,1287000,1509700,1690200,1841000
"大冶市",470000,612400,668300,73600,818000,861900,1001800,1161900,1398000,1697300,1706000,2510800,3318400,4102400,4559200,5001200
"郧县",361877.498459879,141200,153100,163100,175600,161700,182300,203600,250100,310500,364500,439300,539700,635100,736200,828200
"郧西县",316699.860960031,83500,93200,110400,124800,141500,154800,171700,193500,238900,265100,332800,404300,460000,531900,590400
"竹山县",524010.348311554,82100,88700,94600,102600,128100,145100,162100,197300,262700,304100,360000,496600,581300,671300,741900
"竹溪县",358751.8766789,65600,69400,75600,87200,114900,132300,152100,176600,244900,255700,349500,427200,487600,561800,620200
"房县",402042.655837623,102300,108600,116400,122900,131800,135800,163000,193200,244900,291300,357200,437700,527500,606800,660800
"丹江口市",401200,382200,389000,351000,374300,387900,421600,480100,545000,676300,757100,921400,1083800,1300200,1507200,1658100
"夷陵区",208746.288416872,142333.05799921,812900,899100,915000,526800,633700,746600,880400,1112300,1404400,1822000,2641900,3350900,3898400,4412400
"远安县",487032.408720642,136800,149200,108300,120800,186500,211600,244900,296800,407000,530500,728000,1011300,1301000,1520900,1720200
"兴山县",156480.031695298,108400,119400,127900,145100,162400,185400,197500,234700,314800,385500,441000,562600,674100,780800,864700
"秭归县",256388.440288422,166100,182000,197500,215300,205200,227100,254300,296400,369700,439600,529000,666900,787700,912400,1005300
"长阳土家族自治县",352937.421071534,237600,243700,261900,284500,274900,312100,335000,396500,401800,474500,561800,753000,882600,1005100,1098800
"五峰土家族自治县",354308.82254604,93200,99300,100300,108900,133300,136000,148800,168200,210700,249200,284200,366200,442700,505900,552800
"宜都市",290355.817769126,300300,320800,355400,410100,460700,544700,696200,843800,1094300,1455000,1841500,2738200,3447400,4028200,4549300
"当阳市",564600,618900,685400,691200,733000,523100,577400,663600,815100,1060600,1330500,1650500,2406300,3022300,3521700,3954800
"枝江市",351700,376000,409100,442700,508600,490700,597600,710900,852500,1093400,1285800,1605700,2327200,2927700,3419500,3896300
"襄州区",492465.317232888,26139,747600,810200,883100,910100,1010100,1101800,1263800,1512900,1758800,2303900,3182500,3946000,4560500,5015300
"南漳县",360127.553174143,200200,211200,233200,253400,255700,281000,319300,397300,501800,620600,900800,1247000,1511100,1712300,1928600
"谷城县",327347.742134297,204000,216600,234300,261000,310100,337200,397200,481200,604200,854100,1129000,1634900,2047100,2387500,2655800
"保康县",250164.604961938,110500,120300,132700,139000,136500,146800,161500,188200,239400,296600,430200,560200,700800,815500,921500
"老河口市",530400,572000,473400,500500,535100,355500,382900,422000,498300,630300,849800,1109900,1655700,2081900,2401800,2684600
"枣阳市",816100,893200,716400,724300,784500,660400,720000,800300,974800,1228100,1539400,2101200,3018100,3709200,4254300,4795700
"宜城市",273800,264400,284500,313200,339300,342100,375900,422800,508900,644300,850000,1113300,1651000,2019400,2324600,2599000
"京山县",443308.496740169,404900,440000,477000,530300,507600,566100,641800,816900,1050900,1293000,1552500,2062300,2401200,2689900,2910300
"沙洋县",137469.682471503,340200,367200,391200,424000,415300,461200,523100,709900,882900,960200,1147900,1531200,1787400,1982100,2139600
"钟祥市",701600,695500,750200,776900,848400,715100,798300,924700,1130800,1409300,1630100,1989600,2555400,2974900,3323700,3618300
"孝昌县",829600.47863429,226500,232800,253900,278200,225100,248100,271800,336700,424100,491600,610400,730800,825500,926500,973100
"大悟县",239595.003654208,271000,291800,315700,340600,294800,328800,360600,442600,519300,576900,683800,796500,920200,1049900,1102500
"云梦县",497664.731426782,318600,318600,389400,427000,415900,469600,529600,613700,750900,868900,1099500,1302300,1519000,1731300,1851900
"应城市",554000,608200,680700,744300,828300,476900,542500,612200,704400,898000,931800,1163800,1515700,1748600,2023500,2206000
"安陆市",244600,265300,288000,312800,347500,351500,389200,442400,526300,639900,736200,925200,1080300,1253300,1447900,1572600
"汉川市",699600,734000,807000,871600,981800,767900,901000,1029800,1185500,1430500,1650400,1997900,2475700,3094300,3447100,3861500
"公安县",389877.374012932,398300,429900,472700,521100,462100,503600,562000,676400,835000,909200,1052900,1346200,1576200,1763700,1948900
"监利县",499670.635241847,396000,431500,469000,508600,520500,565800,625800,770000,954000,1085900,1258800,1566400,1753700,1948700,2147800
"江陵县",158815.742645017,107600,118100,128800,129500,166400,183500,204300,236500,270200,295100,343400,418300,486500,549600,622100
"石首市",538300,437600,480200,517600,523900,389000,446800,497300,564900,650700,681300,801300,958700,1089000,1219100,1362900
"洪湖市",490700,452500,491400,473700,512300,444800,490800,550900,669600,814300,901200,1029700,1228900,1441900,1634800,1824200
"松滋市",412600,417700,463700,500300,543500,409900,450500,492300,574500,691500,805500,960100,1267700,1533100,1792900,2008100
"团风县",239517.595022056,93100,91100,99400,108800,143700,156900,177200,211900,295800,339500,423300,495000,565400,643500,717600
"红安县",179028.867115313,322000,333400,355100,375000,268300,289300,317000,376700,488900,582700,653200,822600,959700,1076700,1207600
"罗田县",383218.901601817,224100,231400,249700,275500,198500,219500,245000,283300,399700,534700,631300,729300,850700,957500,1056600
"英山县",85107.5663840518,178900,146100,154600,172100,175900,185700,215000,271500,355600,397200,476100,520700,635700,712600,785500
"浠水县",386681.89668928,369000,401100,429600,458100,397200,437900,489500,593400,780600,895600,1076700,1246800,1450800,1652400,1831800
"蕲春县",314081.603209323,409300,442400,453300,467400,398800,433400,479700,579000,747700,847700,1009100,1291500,1431100,1623600,1804400
"黄梅县",710903.017559313,379300,429800,461200,492800,360900,406800,456000,541000,677200,775500,977000,1085000,1327200,1488300,1634300
"麻城市",498000,529200,557200,597400,641000,436800,475500,533100,643100,836300,993400,1195500,1566700,1763900,2034000,2262100
"武穴市",430600,438400,465200,504400,540200,426100,465000,532500,650100,877900,1001100,1218500,1595200,1803800,2028600,2245900
"嘉鱼县",304031.443628404,216100,237300,258700,290100,285500,323600,374200,480500,599200,660700,905800,1311600,1533800,1742700,1890300
"通城县",309770.97601956,141500,151300,161200,175700,200900,225600,268500,339700,439700,482200,615800,738000,851000,950900,1038400
"崇阳县",185513.555096706,155600,169500,178600,189500,237000,253800,288400,337400,420000,470000,578300,674400,772300,880800,969500
"通山县",286027.942855867,104700,110500,116300,123400,135400,148600,164000,269200,374100,376400,460900,562000,696900,812100,901000
"赤壁市",382400,420300,460000,500100,561100,516500,620500,709900,823900,1021600,1104300,1341100,1882100,2445000,2847600,3163900
"随县",372906.66910649,526622.924448959,686269.057757389,329624.67848168,33040,493406.481866208,58451.2637440034,896175.65348825,1197310.1088872,723900,770200,936600,1209400,1361400,1524500,1648200
"广水市",343800,360300,379400,415300,453000,549600,631400,716900,861500,1064200,1170000,1307600,1667600,1892200,2109800,2280100
"恩施市",255200,282700,299900,318800,345500,393600,430700,471000,528600,588000,726300,869400,1053400,1231000,1415000,1572800
"利川市",180200,195600,204400,205600,229600,305800,333700,377300,327600,389800,478600,544800,647700,733500,820100,909700
"建始县",423229.458015637,163000,153800,151700,158100,181000,196800,214300,241000,284900,330400,394200,478700,559200,641100,713000
"巴东县",562354.773913477,156800,173300,179900,194500,183400,198400,214700,273200,356800,407200,493400,575200,655100,740000,814500
"宣恩县",541917.801990196,101200,108900,114800,125400,131700,143500,155200,173800,215000,243100,291400,346400,402800,452800,502600
"咸丰县",311824.167324498,126200,127000,122200,144300,152300,161300,169000,189300,236300,287800,348200,419800,481800,544900,606600
"来凤县",634871.689823502,106000,99900,100300,114000,114800,123500,135400,157200,195300,250500,301800,352400,408900,470900,530100
"鹤峰县",24028,78200,85200,90700,100200,121300,131400,143100,161900,181700,215400,262600,304300,349700,395100,436200
"仙桃市",1035800,915500,1010400,1101300,1184000,1286500,1440700,1625100,1904000,2335000,2425500,2909700,3784500,4442000,5042800,5522700
"潜江市",770200,742400,797000,854400,944200,948500,1065600,1252800,1722100,2128200,2340100,2906700,3782100,4417600,4927000,5402200
"天门市",801400,874900,942000,995200,1100900,953800,1088200,1223000,1514800,1681500,1868600,2194800,2745200,3212200,3651900,4018600
"神农架林区",467354.30499439,28200,31500,35300,38900,45500,54100,61900,69600,79700,102900,123000,145300,168100,185700,202400
"中牟县",221520.928609626,397113,454322,506565,585339,710610,902217,1194195,1533683,1939652,2225828,2646387,3713810,4829216,5513732.27,7262708.96
"巩义市",860400,982400,1107800,1226300,1500200,1911900,2327100,2428700,2906800,3496600,3528000,4193100,4680300,5278000,5812200,6075700
"荥阳市",568583,637815,713717,805017,945737,1111442,1453087,1900608,2395273,3063028,3156762,3587562,4326548,4580493,5200436.39,5702519
"新密市",614339,690078,766849,855850,983890,1246604,1654243,2092218,2616699,3210270,3477502,3992392,5004789,5129160,5598318,6018650
"新郑市",680166,766029,845243,904735,1035118,1244758,1528647,2021270,2510647,3165616,3276264,3902546,4810195,5313974,6064741.96,6973244.9
"登封市",437427,472131,512803,562813,671735,853475,1113122,1521360,1908645,2401598,2585811,3130280,4327632,4311803,4509038.95,4833880
"杞县",617489.042791989,381510,435118,451599,459662,593436,744226,877397,942186,1110691,1269986,1560707,1779505,2021907,2284720.67,2467581
"通许县",255620.296989753,277154,304157,323291,317814,407831,520223,582982,668104,857224,985422,1189619,1405461,1602226,1779448.85,2001481
"尉氏县",616809.555805221,364267,416746,455966,488696,618887,822313,997844,1210020,1458598,1612225,1844406,2166416,2408685,2719843.56,2909314
"开封县",343039.459359862,322194,355231,383837,375033,466824,530455,611295,713722,925600,1038777,1245035,1400114,1615571,1872056.75,2001970
"兰考县",24028,305000,332500,356400,371500,435800,500200,580300,710900,899500,1002400,1248400,1487700,1689800,1928500,2139500
"孟津县",237668.91099448,181827,191811,201082,237050,328977,447597,561147,731794,868497,932045,1059947,1397254,1754308,2025838,2212200
"新安县",24028,348496,383441,446878,617367,912864,1180225,1404050,1688485,2013818,2204567,2582550,3048922,3294043,3439188,3488774
"栾川县",372038.780073585,117738,119315,149220,182478,279492,532405,690127,1077744,1341353,1176174,1423338,1687777,1590480,1440441.65,1408071
"嵩县",740976.627635822,116656,131510,174341,215663,277736,418176,509671,629216,825200,976598,1084900,1275564,1340645,1467493,1338446
"汝阳县",24028,113889,127549,156184,184709,232857,310073,376146,485175,620039,584830,704775,928593,1071666,1155195,1247814
"宜阳县",544120.806239381,152031,160552,181868,232452,309922,454870,573380,765810,959054,1075050,1279162,1542524,1752567,1946139,2077595
"洛宁县",33350.640979265,129166,134557,158688,187189,246996,335184,410634,521873,666057,787205,931206,1169451,1325036,1387703,1438018
"伊川县",725392.783711298,271815,304353,391914,574394,817818,1233524,1452928,1830086,2046277,2048778,2287718,2729136,2768436,2751328,2810272
"偃师市",754566,805107,884894,1009430,1239326,1625772,1875395,2246497,2677355,3224459,3350779,3721207,3822539,4321509,3569317,3806238
"宝丰县",630169.321328253,307608,318956,351011,400753,513501,615695,760583,922943,1192818,1275910,1559161,2021809,2232963,2329908.57,2484167
"叶县",153562.094737435,274817,301948,326404,370241,447937,558480,678872,831479,1082640,1171487,1336714,1528982,1682730,1870677.09,1985959
"鲁山县",277397.741560838,191387,203770,215484,234877,288086,355298,448271,531787,646348,672369,757270,910462,1101106,1174529.7,1304504
"郏县",318862.279148205,216620,235619,253006,285923,359667,444569,520075,619284,771098,840735,980200,1155468,1206949,1339405.49,1423435
"舞钢市",130976,145674,191174,213801,278336,400627,505490,644060,863890,1138850,986079,1092849,1130657,1027791,1019214.4,1074796
"汝州市",563900,602500,647900,694500,765400,985300,1142400,1349900,1635200,2101800,2272800,2585700,2839800,3204300,3316600,3478000
"安阳县",252305.046729913,373169,406864,451288,477286,667155,979735,1227252,1521014,2121462,2395008,2858389,3295385,3459509,3460856.38,3439429
"汤阴县",887919.0999559,194815,214441,231009,260204,323372,432860,511269,770052,899923,920902,1102366,1198427,1283678,1358052.24,1503814
"滑县",361513.191733117,312800,339200,368400,397000,506300,659400,765000,943300,1170700,1232100,1367100,1525600,1638300,1830300,1987000
"内黄县",180573.779095999,250973,275980,298611,318773,384277,473300,553748,683511,846719,870373,1006349,1150638,1290750,1449469.55,1634585
"林州市",389940,425892,465401,506665,587093,807938,1113220,1360099,1726399,2307463,2718820,3164804,3684403,4037843,4241274.73,4464927
"浚县",470601.637372909,227209,246646,265761,315216,401274,467370,547342,659753,752385,826802,963146,1174772,1212153,1412973,1615334
"淇县",376939.074064296,207056,224454,246420,288416,394910,487633,607436,724851,929813,998985,1106338,1295084,1461963,1705915,1969060
"新乡县",318631.951741235,360831,384535,419599,459366,419810,546838,697118,946944,1227263,1334569,1580945,1976120,1810424,1969806,2008451
"获嘉县",313786.145250934,189457,211481,219469,235745,307544,357091,356796,396244,473338,474717,530486,672178,764015,801948,913950
"原阳县",430008.840428348,215453,230822,233016,236963,302183,325310,411655,519829,641264,659925,763353,915831,928978,963890,1090833
"延津县",105152.433522732,150072,168547,187496,215334,288037,358197,380562,462147,563225,624216,747811,929987,921036,1017225,1140937
"封丘县",84100.7783580842,190405,206873,228815,236458,301036,341473,390958,465584,583369,599125,700712,833857,953670,1016592,1100947
"长垣县",687534.988604133,267900,299000,329600,371400,480600,599200,720800,871500,1092800,1190800,1420900,1742300,1938100,2266400,2503300
"卫辉市",226403,218481,227778,246457,264966,317823,369578,426433,537991,663980,671932,802202,935645,1036441,1064233,1140391
"辉县市",397825,434038,481614,533139,593500,754242,848383,977602,1183378,1515745,1668585,2072674,2561278,2765802,2895949,3039179
"修武县",24028,155579,166671,185666,257354,369617,502536,669350,715791,768011,784857,882187,984665,935764,1000798,1113285
"博爱县",336378.28473923,296217,327850,360509,430435,606708,829843,976485,1204855,1430378,1481385,1595044,1839281,1813353,1997972,2168997
"武陟县",100177.876361372,284242,314189,348994,403174,572873,811109,1016021,1282718,1558551,1577663,1921904,2223361,2164999,2499244,2772508
"温县",391718.885559652,257563,284028,313071,371320,501094,691722,832833,1033925,1240347,1297542,1477584,1736220,1901021,2107155,2294981
"沁阳市",362664,398982,455030,539884,641310,801210,1003853,1233622,1551784,1926513,1950810,2339567,2721044,3005767,3299309,3387044
"孟州市",210340,241098,271391,315686,377825,515267,711532,867548,1133202,1370264,1447452,1733421,2076348,2281915,2458415,2586437
"清丰县",550129.027711815,260959,256236,284069,302393,371878,435413,501515,611018,792593,912549,1082630,1253986,1400229,1639980.48,1889296
"南乐县",24028,177637,191867,208146,219251,281722,369052,436343,535047,688507,738994,880674,1005441,1079613,1241667.11,1439925
"范县",526165.124249014,158292,169121,186981,203332,263368,307020,358212,453763,585022,682664,809782,948309,1034859,1303240.58,1532277
"台前县",322908.499007515,104487,116345,128886,142042,175890,233673,268143,317771,399489,458407,535572,629995,679200,724352.35,837196
"濮阳县",44830.5801158592,311770,361020,399456,403838,531582,722941,866913,1114404,1443169,1650098,1923958,2100894,2356883,2799020.34,3161076
"许昌县",24028,451255,503977,559558,629795,777529,941398,1078416,1256997,1483443,1484220,1692930,1945061,2106429,2370449,3489922
"鄢陵县",485969.533481351,337219,371891,415339,464351,618242,803383,949210,1114308,1356320,1401027,1549979,1875495,2050896,2262093,2461422
"襄城县",299743.252731284,288401,319385,350039,398420,577716,834832,981584,1236735,1639846,1658282,1986567,2446406,2558166,2802262,2921766
"禹州市",670651,752381,833116,923804,1061854,1315741,1454334,1747128,2127663,2652939,2923028,3314492,3848572,4034510,4522527,4877155
"长葛市",598758,680857,757835,835084,940009,1118017,1241192,1563465,1869060,2222593,2207533,2598412,3257660,3703704,4108512,4656502
"郾城区",380089.680880142,237603.591123031,486897.011891746,272184.26355613,33040,538614.425462287,771186.112853794,1178380.31574604,1108464.21196448,874731.587072428,1192700,1359600,1556300,1551200,1607400,1757600
"舞阳县",509107.13567824,216374,241064,257294,270012,340066,391798,486065,553911,754117,755475,881453,1047371,1091732,1182778,1480987
"临颍县",704419.910029477,439468,477850,523767,565144,714541,860664,1027910,1090840,1518245,1721124,1936432,1994153,2159305,2351774,2316332
"渑池县",311364.540032807,249923,272803,325672,368686,457517,625287,753883,987593,1323759,1354816,1534068,1748033,1893132,2107736,2236015
"陕县",214041.935825136,225358,243228,267231,300352,355966,406416,479916,584235,885103,918379,1046725,1186351,1301579,1413691,1506912
"卢氏县",640259.549628189,112608,97164,106026,120222,150833,169649,198048,238184,311692,354682,437781,528029,611147,685294,736118
"义马市",108450,110524,134623,145078,196180,272968,407562,497322,628365,896027,1000533,1260007,1556284,1617646,1617805,1548437
"灵宝市",608963,665871,719791,786750,876913,1059429,1254282,1574734,1881697,2330556,2422040,3321321,3981090,4412404,4686371,4713606
"南召县",141947.078557716,284098,325254,332471,383995,491671,572012,647434,702292,708399,780722,936943,1072003,1132996,1052410.89,1129779
"方城县",85141.532505253,293323,324392,356638,418416,533764,610619,688362,733503,902540,956548,1091520,1184957,1318130,1456097.35,1594305
"西峡县",219800.728592812,231843,259068,288329,341667,420804,553751,682165,879722,1099410,1290183,1508280,1714872,1751289,1903810.43,2066174
"镇平县",858664.234400235,627907,696276,758410,843353,1029074,1272908,1402993,1521841,1612137,1368003,1506733,1654605,1786956,1825618.85,1972675
"内乡县",154926.575255919,280483,318780,358499,399880,496083,578220,644851,745424,893848,922540,1014390,1105762,1183876,1246757.76,1353921
"淅川县",422412.961267547,282701,313364,344860,390365,501678,620030,709683,873847,1034470,1107974,1264053,1454124,1557629,1699667.23,1805988
"社旗县",80609.3695090599,186235,202444,220167,240830,319649,384364,456453,541493,716123,771741,873557,956592,1024253,1136878.43,1272717
"唐河县",81607.2534228491,478910,514747,557137,626209,820658,946817,1165830,1349352,1575629,1669508,1840480,1997314,2110717,2275398.3,2439637
"新野县",262171.479238782,409062,456096,494901,558635,719255,876568,1022811,1173395,1424495,1428391,1657185,1959103,1974735,2037017.68,2183306
"桐柏县",626265.481038696,202305,221359,254453,290580,356878,417080,621836,709845,875738,855943,1001253,1197037,1270204,1344481.5,1297792
"邓州市",614400,637700,716500,771000,903100,1112700,1287700,1464700,1678900,2077300,2142000,2347500,2606600,2834600,3070600,3284800
"民权县",232927.81565239,263285,296500,322555,309240,403693,541094,612598,721719,860915,931461.89,1074242,1216392,1312475,1498910,1711288
"睢县",514584.216967526,269595,301114,335026,325255,433900,512341,581846,676383,779752,840600.32,947943,1055952,1126872,1258811,1361334
"宁陵县",20648.8238326128,200329,212728,232688,167692,226143,272717,320783,392305,477668,552214.65,626778,690888,742493,817313,895647
"柘城县",247706.23562183,250031,274748,264211,246104,294531,395881,505325,609179,748232,887707.07,1048784,1153808,1273357,1397580,1579394
"虞城县",166965.138915066,308158,353436,389113,383917,520939,674825,778332,919452,1054750,1160711.5,1315220,1506475,1629889,1808071,2002682
"夏邑县",254363.130099404,307371,352700,400831,341079,475893,574833,594330,771543,949081,1029481.89,1175379,1326005,1440046,1562417,1764561
"永城市",451000,512800,562500,619200,716200,1022500,1311700,1565400,1848700,2408600,2559400,2887100,3516800,3644400,4024400,4122900
"罗山县",599858.026350434,245465,231082,265816,282148,358826,407809,467821,560074,730156,777244,928269,1080442,1180909,1351772.59,1489906
"光山县",310578.080709883,229620,207744,247399,278893,365484,427053,498181,590955,747148,816189,946487,1089079,1222709,1379734.42,1535512
"新县",370692.48982508,146077,148753,170947,190738,238061,291871,324918,393741,473459,506213,596326,691107,782988,898238.09,1005376
"商城县",388297.372993818,209095,219580,245044,259563,324615,396517,450395,535601,669838,719796,848138,985222,1135430,1313982.86,1459998
"固始县",201717.207079075,410200,442300,508200,561600,723800,839200,965200,1124200,1403700,1525000,1758200,1986800,2129500,2362200,2558500
"潢川县",26826.8287617236,296115,311796,366962,413464,520036,617674,695687,798413,989002,1047607,1219962,1412878,1608869,1805834,1962062
"淮滨县",262589.645020494,159601,154308,186199,198199,260977,323389,401068,496026,632858,676632,806728,899893,1019342,1160048.87,1308505
"息县",361202.328804748,206611,194797,245889,264273,364073,450462,515680,621694,762698,874935,1045590,1223393,1350937,1527907.29,1655907
"扶沟县",552204.515502314,241351,250424,271308,244464,307838,352894,422382,505764,631063,702566,828993,1048761,1190697,1355925,1458823
"西华县",278776.391791604,338548,366823,401677,383087,474472,479280,582335,680343,849528,897029,1040050,1116324,1287682,1535715,1804930
"商水县",268693.758811477,255956,286710,317527,310324,401988,464851,549755,654333,840746,893102,1032158,1174152,1465681,1694421,1975435
"沈丘县",680379.696530562,286721,307886,345970,323285,412755,544492,633956,799780,968787,1032183,1198874,1422664,1639920,1841599,2046540
"郸城县",167545.600867236,293045,329594,367575,362923,485327,528902,602161,794373,1013933,1163705,1373241,1531330,1714391,1874847,1959981
"淮阳县",424663.286256482,366427,380445,424963,444959,591734,657176,738410,731078,949973,1109860,1244730,1472323,1594174,1716709,1848425
"太康县",208283.388942239,376188,420518,446231,416161,545804,614447,696224,767006,933803,999198,1160886,1372852,1518183,1788073,2003814
"鹿邑县",422738.369626632,408400,446100,492800,495000,619400,728400,823000,1056600,1247800,1358400,1555000,1760600,1914100,2217900,2441400
"项城市",522313,584810,662502,714941,677041,816028,956445,1106187,1270640,1516268,1610931,1801533,1777809,1957668,2213923,2478347
"西平县",1914.7217675976,393353,438068,466823,478359,574176,599855,663577,754156,867599,886047,1031129,1240686,1369058,1527319.43,1708351
"上蔡县",222279.551375845,296538,346344,380953,388670,503522,590550,666801,783991,966466,1018876,1176112,1367423,1488238,1676475.28,1722710
"平舆县",273577.461416345,219144,247364,265819,280310,363626,427361,492325,614785,738504,830213,997894,1182822,1320660,1476377.44,1654862
"正阳县",549915.536928726,242927,199326,248808,237949,353919,396376,432629,519646,628745,737276,880280,1066800,1142584,1241883.6,1360047
"确山县",232837.091669775,226108,243861,228752,241033,315260,357456,402655,481410,603822,694945,804422,959959,1026444,1170557.97,1289791
"泌阳县",397591.822153284,268863,301455,326650,347959,425725,468699,536002,649176,825770,922849,1097125,1234386,1392433,1566782.38,1751001
"汝南县",243951.917481973,256494,280734,282284,285203,379503,417283,478192,542771,678060,738771,872833,1053832,1199331,1360358.91,1536661
"遂平县",151087.146577889,256796,287178,278293,295404,375065,423862,500341,576447,719219,792272,925798,1088337,1219141,1374443.71,1538081
"新蔡县",481561.132165575,253000,281100,307900,320500,410200,458400,514000,571900,714100,818700,979500,1170500,1295400,1418000,1503800
"济源市",535300,594400,662300,796200,941900,1146700,1443300,1810300,2237400,2745500,2876100,3433800,3733600,4308600,4601300,4804600
"南昌县",234849.388132774,120786.235971294,52311.8848316351,359352.181389881,378628.690765446,540738.829635326,565987.762179158,17683.4623905596,30745.4332507598,1090513.76682983,92143,1390125.09751085,4375736,5000649,5593600,6090643
"新建县",623060.551493103,461626.942822261,28584,194330.511402684,401938.822717635,655099.307200022,694705.638836647,656909.354131946,1105627.73475904,618322.485067313,1902293.02553474,448563.122684443,2406108,2706379,3248139,3538552
"安义县",428756.889158307,252520.57485428,113701.960337477,280269.272428274,16595.4678808538,313007.033986498,729393.938694206,55132,1137910.85835207,961094.866749573,85430.0369712525,107002,753407,860844,830274,905503
"进贤县",301241.424641055,19171.5313281529,108295.984497539,82876.4229778584,279585.113788229,944715.591758627,1118396.93436677,957608.979714605,908838.032275437,2978072.00201845,528681.80328271,768496.420130841,2339486,2597510,2527040,2745398
"浮梁县",431435.470320433,294915.048441505,188495.2675713,573248.171843163,530806.878759293,196195.419356665,1010194.30635273,690943.839979273,258124.04554032,1592220.74363316,715036.472959959,2231687.91873059,740388,898239,972170,1001002
"乐平市",325021.118076318,304243.629014216,399055.814115421,241533.429263963,232299.357050144,140693.027408171,497470.187878521,400985.362904162,1414534.60389968,619340.871189516,99363.4875479084,1089362.15262447,2075446,2384353,2571939,2650783
"莲花县",431558.303578072,329533.482876109,531264.154591598,201447.306112954,367890.241715706,603597.189617228,671641.07777937,735809.702804572,65395,1260063.49600229,437253.047838699,907427.112975283,395508.66,483876,519056,544436
"上栗县",245963.27898484,374997.566493509,347817.736757038,497778.577338457,721721.683354518,470798.168897406,812837.77669835,1144158.29012087,1538425.17162182,176358.019659517,1865693.75438744,2335165.61912023,1394567,1472260,1609494,1701900
"芦溪县",24028,183531.950292335,397937.628222497,324139.708383996,191745.940628876,148583.341329439,679667.075573192,811911.222826386,1331252.24578632,68134.1389741694,1569781.88000985,1902563.14096644,1028401,1091156,1174897,1256319
"九江县",367306.749382686,416877.949301817,28584,247008.178798814,524842.538857879,490349.680970275,523143.228676724,763534.229630405,586129.491804317,337113.050594171,2195802.28675064,2052221.67155239,701514,810243,910434,972242
"武宁县",475336.185326665,77484.1953493649,427064.174700277,644476.94531827,33040,383622.864594562,1017336.5920062,1105487.35611122,1744118.76315816,492170.377015526,1839976.90790153,1829173.40583601,725655.74,801459,880944,970055
"修水县",122867.550523431,547852.051152709,496085.574004501,565769.166212345,252521.697879215,162473.139630833,801951.046343563,1658331.85063602,899857.629851237,750136.750093393,301744.219563562,1528306.25057675,965547,1104175,1221296,1301678
"永修县",94571.60494936,188809.731501105,157704.281258149,82776.6267606292,905758.272308873,546225.372774318,371441.034669976,943249.661152368,418336.986462154,79700,1640595.17773076,918367.251304426,915707,1039321,1154645,1212530
"德安县",239754.35664565,380940.016327938,220941.082291755,220186.155387995,492195.388268878,912282.553879232,266607.446058693,232545.662089292,1239695.32002516,1079500.14791129,92143,1609705.44362482,617826,705127,785014,835400
"星子县",222845.91514467,412560.604631403,278165.954602007,564891.08279305,639669.552427066,819447.049994029,225512.76218255,951771.166848061,864817.900931025,1391843.67823463,1998447.38464474,129430.689093062,490335,554571,622246,675629
"都昌县",423588.543105024,244119.457919283,226700.894767562,30016,728580.10891428,1292337.82426031,48659.1069693396,1189944.07172392,65395,1781092.88350074,2158117.07656667,1193359.84631144,644936,747924,850909,951197
"湖口县",362440.859659521,3905.46960328822,382112.109662475,99563.5908814299,358626.806010627,647953.796342894,770651.638344411,816894.12348326,598491.039265973,28087.3939457342,1008713.04066347,1592505.10539853,860218,921905,1029371,1089997
"彭泽县",555760.893855597,236668.332042259,197824.920777123,88232.2948092226,395810.225780452,250284.375984056,404070.920786378,254066.364267681,65395,972171.023741172,576828.188914504,1612379.0924879,542091,613793,693065,845009
"瑞昌市",688604.379587368,192032.211916994,231723.635845263,95267.1662568399,667746.323604014,400294.799235613,550682.815351903,168773.360676106,429517.356308391,1300773.22736055,1108856.96995389,1195067.50810716,1070119,1259752,1401081,1500359
"共青城市",329788.555203827,227274.723259551,174349.025710656,62990.4124990234,445654.095208433,655664.059544682,140692.594014397,624874.451440284,513069.224116616,1047691.54238563,1308782.52935105,107002,589720,672513,747728,788681
"分宜县",328445.450532458,455378.202975233,480130.545906695,316074.472725446,123322.485455361,140155.236797746,546062.267618159,7638.83065530716,1472289.89450059,79700,325253.354860472,1528124.27097818,1490018,1774484,1916148,2070321
"余江县",387362.606161547,425702.007640581,72215.9507366696,666030.528136357,261340.580075966,168642.763683269,49523,837978.52252887,65395,2481138.41895158,1976219.70724801,1974224.92697539,670039,827037,929321,1040816
"贵溪市",261269.596660566,343197.414563091,502610.465590313,117185.6203673,482225.051011935,171870.723154185,49523,1041242.25840207,807763.385829403,1466655.042579,1659423.98870123,2456973.50827033,2785241,3147421,3369916,3470225
"赣县",309307.23651058,168164.933412612,372834.813487167,120776.828613117,348157.488997167,513922.241640492,927527.570033512,846321.939259802,858228.451452292,904806.004036572,1751380.59893512,105209.957369514,1049176,1158838,1255529,1325697
"信丰县",312413.729873562,781658.721555667,307722.23248662,589862.441218639,221316.773976595,553293.105228249,49523,141560.674651513,520405.35325387,340157.411014794,793893.961068155,1246770.27115602,1123820,1291042,1438334,1531806
"大余县",390333.669020296,26139,362152.364849057,30016,399543.103391111,254162.695546424,349844.13358251,496334.708568437,359045.878767211,1239031.83089208,1050456.89057983,1505557.87516585,721615,799760,861213,909769
"上犹县",363477.356212408,2665.50390888186,825690.992002313,115742.179948404,323160.441081661,411217.944054577,66750.0190363124,1457360.30027884,1146218.77864234,2055674.22253955,1609989.31804888,1875622.7791243,381880,430999,469442,508401
"崇义县",281632.447764876,362134.917321597,417194.301775113,531993.406996396,697079.353853338,928364.4592983,294235.108590103,55132,1004970.65885952,2036059.5616305,1276929.04246427,1197084.55753527,524906,579638,629940,649050
"安远县",346313.725121807,802804.46976863,591195.881583184,482218.376637669,340376.970448154,299949.413516695,572979.966073157,438680.46966345,882096.857340347,1045769.14006071,1723262.42336457,1378480.42694514,398982,444726,488067,523982
"龙南县",295585.708555673,238934.260327659,457280.497559486,587489.691446776,697141.89525504,296619.878720812,1142749.7174822,536507.879302158,893484.791901681,594158.496155174,1446060.01789788,1637318.54590938,904180,1044997,1158867,1227979
"定南县",504237.955453557,67339.96386328,293145.895142641,385706.742248806,112458.402811271,841030.985035128,1053787.48360878,1091963.50561922,1623687.20830305,997727.108252607,1217123.79149065,1418596.60474874,446246,527271,580176,617584
"全南县",335087.682512854,219700.764780394,33750.3988341508,683169.399065222,260726.681650383,473781.101776286,607902.369971209,371297.507705552,1276043.58577861,146390.531925079,858286.444553878,107002,399120,444798,500437,531388
"于都县",198442.050439679,769760.401318296,565570.501864608,299374.107180315,33040,605396.393849156,339394.084495088,531336.83560243,569504.377114071,1482910.19451099,1255459.35805461,1191209.41917449,1210547,1400128,1534273,1661507
"兴国县",279438.424949335,156945.749293688,382032.799093861,323498.629702535,395446.437916084,884455.86985553,623939.588187833,444352.582773156,674877.227950795,1101241.8761407,92143,1477890.75432793,1000915,1108360,1218243,1289074
"会昌县",185426.002078296,205683.871445222,414032.56247302,268263.959457294,243843.275895317,704540.745153326,182907.92973335,794607.786025504,608008.8294747,277815.277636092,364574.905811011,2052703.12384152,601781,675811,733059,799429
"寻乌县",377121.665284332,249485.554897029,410336.764756458,419878.100957644,33040,593179.493935037,551589.759255213,43369.1345397742,1406019.75809032,2408226.86345223,1657682.27274609,479821.993430821,402015,446783,524181,558144
"石城县",515336.820109131,437401.667608258,277337.776198261,30016,209640.527979554,375887.753501236,992596.380750948,1625285.15571798,537412.648934661,540148.016683553,92143,2241088.75691034,310603,350098,389120,415250
"瑞金市",469330.732104104,422724.296003095,257563.793659155,314322.48190336,20639.2124674763,235139.798936935,363893.594178403,471176.768115438,175041.596711064,327148.636063754,1726298.63607355,377819.118057333,889236,1010897,1131575,1221244
"南康市",376879.380479815,215289.482453404,180076.113474041,141068.493396947,464993.508565007,703780.871059114,339193.207030186,483918.703229484,1063493.44303104,333815.239203385,1103264.3427197,2474015.96088156,1228860,1372921,1484801,1701626
"吉安县",314090.816506421,26139,28584,409110.553253679,298915.523424225,225835.387005056,833243.654195299,437153.463385567,1267624.79749547,577456.331263051,256259.153282575,963274.350004413,1060094,1205603,1332639,1429542
"吉水县",395785.79365354,646676.263100009,28584,528323.801797165,33040,566000.249826794,661086.107061661,523587.87616213,1115400.0849364,1099927.9615685,1549861.82309254,1680925.74554585,850661,1002725,1115413,1201584
"峡江县",321901.858550815,68666.2005250328,679281.579529185,252201.925489816,446576.555871194,292744.695116397,696138.770631011,598897.876430601,1307043.0673384,782046.244060192,1155811.14194261,3830956.3411026,451893,507074,557669,595404
"新干县",24028,209005.616418687,28584,474187.236848481,293867.031236629,448207.082002751,850582.701482327,461831.195654443,840296.54441613,1949304.60365,245775.924679079,1256198.81063443,775152,881549,967914,1034954
"永丰县",410573.594176069,339077.520360219,401191.907180399,386655.123145492,998798.970252529,687404.397673035,493655.110349928,828790.044997409,65395,102572.908030485,524456.610720241,461602.240945851,918482,1047336,1170131,1252990
"泰和县",253653.77620704,377230.977249966,436374.407495981,594024.528451119,534650.95663144,526882.684456401,49523,596388.912300525,943685.314011798,1759133.51185539,278077.883745833,1903191.93284702,1004778,1136605,1251665,1330101
"遂川县",605913.400263993,73937.9946161399,108524.21016383,217474.671817141,240046.326243095,334768.44579919,798556.917840895,55132,1338052.08513483,766785.315547221,2750022.50570191,2158542.025421,762413,861672,960660,1028574
"万安县",799182.011343463,356950.465681139,529474.864417333,30016,487883.328392209,353257.920500474,2280.19223009783,188592.411764148,1132010.95589386,515258.848148618,162440.589576554,3391460.11553994,462606,518628,575617,616750
"安福县",67505.7707022844,462935.860966422,216724.965343691,492197.179336779,373933.398117997,939367.193507171,669098.075544999,398632.905706775,391540.361488454,255764.741116008,92143,2567207.48649198,888485,1007746,1118899,1191553
"永新县",460271.478356595,386958.094209147,330846.497227702,306138.688878693,496525.540023082,39081,772923.285648214,1581446.63964679,1172791.49201538,893681.346307441,1836150.19684606,543600.124470211,635064,710046,790038,845293
"井冈山市",360264.898513987,459868.193589674,604774.558425694,489027.748033824,949033.140480917,630090.501993254,512925.342257626,764049.744500412,1453781.23073544,332969.921197149,1897656.7582682,1499425.87545225,440396,492838,546494,575711
"奉新县",221215.140302637,135699.034073419,233049.962826822,340416.573762176,237536.237232573,39081,594102.720817547,69543.4374510052,1815520.54233535,310985.028126125,1459866.53600103,1616161.44849094,848476,962291,1056841,1125122
"万载县",466787.698666823,275577.417695118,293599.32142872,569373.451004055,536483.973019067,368480.036137514,966050.618807083,1524394.63943482,1434150.85677973,1757942.76384008,1820308.14361939,1208990.99512617,811660,951460,1039046,1102284
"上高县",485677.577906479,501704.10945528,585399.611982148,205526.912168036,706664.619145798,178614.783930053,832552.060907045,862010.494300958,815252.814958002,2121364.45581271,1864918.99798522,107002,1006431,1132260,1242052,1313801
"宜丰县",313634.054364647,394934.920402385,306722.335010804,403049.172195421,155426.562520775,358659.475797955,1002477.28914954,1494847.92308295,1248476.38716064,511503.958119324,1587312.14817869,107002,776030,841864,908136,956502
"靖安县",270270.386589398,372787.405757811,235426.663380524,474786.244712208,38499.7942899436,1189786.38809626,70046.0946088629,498455.539076654,1459312.52411884,801285.474821819,1135046.75280138,1806559.34263733,294764,308538,339380,363216
"铜鼓县",100545.637275912,496194.548431745,553550.947840851,206865.219930838,312789.913543352,1013693.13566057,194793.367973788,831914.337133589,1273142.33984511,104191.095648238,1813139.18010384,1598113.764939,260481,300431,338029.26,360544
"丰城市",199510.101269369,216352.332991123,234144.062299064,537279.292149443,405892.545524517,444524.669391797,665551.151920457,25442.3843111804,1100795.93130182,799668.555101162,713667.169003357,1994674.9299792,3146623,3412327,3704879,3914471
"樟树市",283620.957741206,414881.655992018,605343.253041712,592100.608740097,470551.155409764,82205.2619578228,529095.728647967,1023298.83036822,1286609.1729597,1212815.3336564,749886.542961232,107002,2340246,2671126,2922679,3092753
"高安市",279797.556077893,148192.058031262,260808.903160723,30016,528106.303171556,674721.269116326,319579.050511512,267740.897982531,65395,1023182.44468145,250946.421397878,1222617.67722008,1512388,1667531,1796783,1901545
"南城县",538417.191696213,250686.424898357,439779.669658071,192264.709909534,149764.965398649,683227.067621269,867095.55664206,341558.387946891,617711.074666403,759084.649439218,76189.3924676495,48032.8239310228,779030,892526,984055,1058014
"黎川县",276544.043040969,327852.820686761,28584,353765.64169309,820779.414328343,10028.7787186017,498860.234202543,1268789.42637624,1763958.67178599,450440.927203281,1412315.57347117,1219912.65717217,450273,516749,569551,604478
"南丰县",740506.545855631,404240.111455687,35887.1583367648,727739.601230451,785865.666430346,619482.996212846,886507.957419425,215050.452611373,1124842.41877792,1024561.11705331,966730.611379226,1200032.27223855,766253,884024,979436,1054487
"崇仁县",241333.676363724,26139,993991.656210554,97648.8378624133,123735.36556599,202431.147107696,208133.037628319,114117.208725492,390056.823439765,79700,233818.722069229,107002,758571,828073,907359,968097
"乐安县",671869.252135534,509090.906704608,495601.796220588,587974.316846445,478522.683992602,221923.258220035,618557.195359009,967020.688657059,574418.677936561,406716.792687069,1343274.27589608,1822139.57774426,401310,441624,471005,501458
"宜黄县",368405.723221567,377168.981219779,557557.840283883,636604.942039255,495960.205804269,94874.3540084972,277060.49506414,277976.578101167,212247.683107666,1451961.55781041,880089.323305387,107002,408304,490426,543939,580324
"金溪县",100623.418581429,548505.456665637,377928.74172838,128653.185882679,163943.529744492,453707.047326403,61332.0957105492,1052148.09458424,1627543.33542263,434205.873651166,498100.897290419,1706578.006242,541114,609740,673539,722026
"资溪县",457494.337393376,503041.562658546,318366.217164885,297113.613631401,577223.40597311,48453.4030040295,831746.035441291,1536784.897272,65395,79700,802625.911260111,1419460.28868575,226035,269589,293502,308700
"东乡县",339688.9872652,418747.275608485,28584,316003.266784659,401554.914224707,39081,743144.903242145,1415427.48745865,1708511.19554846,79700,832970.399942043,1843404.71645196,979095,1131942,1244732,1335714
"广昌县",257066.534582028,331739.92378721,345830.077887733,435148.557169035,964945.591793783,39081,42433.379444984,793443.665523425,12949.3373282929,1940326.48877265,1055372.23911968,1391782.19901679,336323,416272,470187,501347
"上饶县",516677.441948739,419949.124122183,219193.272552263,30016,57533.6275726298,467842.895751115,648024.738604634,581668.469688304,1560831.35385333,2165068.51029595,1072676.6528206,107002,1302720,1471552,1652925,1729188
"广丰县",443847.110278382,287235.710256429,602086.660351637,30016,113096.284353572,699705.399425981,437892.677756829,944134.675749098,1942342.99899146,79700,1436853.35151838,1903662.89415929,2060030,2400010,2698187,2901842
"玉山县",552222.334403585,418466.005277436,238449.034440051,556054.655557273,760651.123814976,219203.144584558,105044.357212391,1115391.36887745,991458.628793909,1302011.89484921,940034.793466913,2023787.25192794,936126,1082779,1254912,1345901
"铅山县",114356.894997481,366560.23361007,605396.676283139,355692.376510277,327154.158356404,285599.912960422,600473.087904989,967160.120718219,831702.644142315,688367.241064789,604615.681899639,606085.240208276,732616,840753,904861,972633
"横峰县",213066.034924526,454995.632419787,471535.014963274,290219.492046676,553054.772036374,654886.127354673,716047.230269656,951310.064027949,590388.983007914,540737.161141806,1228235.80577592,107002,611345,688136,771119,700012
"弋阳县",116272.426933224,174466.649390075,471131.394503726,423719.542184865,92751.4904420121,504209.960619397,552936.614941465,487356.346091982,1481981.27352218,1331834.53879101,408986.739757976,1537833.31379361,630158,701296,805046,849937
"余干县",24028,227077.07045107,171837.230274056,380535.62828895,658073.990316968,927576.209283279,1031291.75711853,55132,1575451.86221903,1277990.54344451,905986.455890825,3437953.24038154,939186,1018499,1127117,1200505
"鄱阳县",404988.013225097,374062.304891518,28584,555696.376295138,492317.345372912,396883.993301979,854593.819334095,590601.495664054,731173.694873195,699460.825312231,1416648.68415567,1526534.82162781,1152019,1531219,1689748,1802827
"万年县",599946.065549087,95032.2176630471,411925.352695899,30016,581040.885332865,342233.229416602,49523,221076.306446157,224127.289036103,481131.429041643,655144.676839816,348945.629092415,800115,918018,1046955,1115220
"婺源县",477762.144344901,228578.070450958,414039.482179277,30016,203081.688753354,1080158.89224938,1258687.23999277,1158537.20125002,1375043.40532426,728255.667956094,1931991.27511703,107002,652335,730047,799958,830253
"德兴市",48118.3456652531,353589.926769286,10326.2884031019,722119.031278424,513717.119766762,410175.784078916,859853.871211173,702624.024961561,821779.437819228,551865.333329879,438592.239324905,107002,1221086,975500,1090289,1150296
